Car_id,Date,Customer_Name,Gender,Annual_Income,Dealer_Name,Company,Model,Transmission,Color,Price ,Body_Style,Town,Engine
1001,1/1/2022,Geraldine,Male,135,Buddy Storbeck's Diesel Service Inc,Ford,Expedition,Auto,Black,26,SUV,Aurora,Double Overhead Camshaft
1002,1/2/2022,Gia,Male,148,C & M Motors Inc,Dodge,Durango,Auto,Black,19,SUV,Greenville,Double Overhead Camshaft
1003,1/3/2022,Gianna,Male,135,Capitol KIA,Cadillac,Eldorado,Manual,Red,315,Passenger,Pasco,Overhead Camshaft
1004,1/4/2022,Giselle,Male,135,Chrysler of Tri-Cities,Toyota,Celica,Manual,Pale White,14,SUV,Janesville,Overhead Camshaft
1005,1/5/2022,Grace,Male,1465,Chrysler Plymouth,Acura,TL,Auto,Red,245,Hatchback,Scottsdale,Double Overhead Camshaft
1006,1/6/2022,Guadalupe,Male,85,Classic Chevy,Mitsubishi,Diamante,Manual,Pale White,12,Hatchback,Austin,Overhead Camshaft
1007,1/7/2022,Hailey,Male,16,Clay Johnson Auto Sales,Toyota,Corolla,Manual,Pale White,14,Passenger,Austin,Overhead Camshaft
1008,1/8/2022,Graham,Male,135,U-Haul CO,Mitsubishi,Galant,Auto,Pale White,42,Passenger,Pasco,Double Overhead Camshaft
1009,1/9/2022,Naomi,Male,815,Rabun Used Car Sales,Chevrolet,Malibu,Manual,Pale White,82,Hardtop,Scottsdale,Overhead Camshaft
1010,1/10/2022,Grayson,Female,135,Rabun Used Car Sales,Ford,Escort,Auto,Pale White,15,Passenger,Austin,Double Overhead Camshaft
1011,1/11/2022,Gregory,Male,135,Race Car Help,Acura,RL,Manual,Pale White,31,SUV,Pasco,Overhead Camshaft
1012,1/12/2022,Amar'E,Male,135,Race Car Help,Nissan,Pathfinder,Auto,Pale White,46,Hardtop,Aurora,Double Overhead Camshaft
1013,1/13/2022,Griffin,Male,885,Saab-Belle Dodge,Mercury,Grand Marquis,Auto,Black,9,SUV,Greenville,Double Overhead Camshaft
1014,1/14/2022,Harrison,Male,135,Scrivener Performance Engineering,BMW,323i,Auto,Pale White,15,Hatchback,Middletown,Double Overhead Camshaft
1015,1/15/2022,Zainab,Male,722,Buddy Storbeck's Diesel Service Inc,Chrysler,Sebring Coupe,Manual,Pale White,26,Sedan,Aurora,Overhead Camshaft
1016,1/16/2022,Zara,Male,746,C & M Motors Inc,Subaru,Forester,Manual,Pale White,17,Hatchback,Greenville,Overhead Camshaft
1017,1/17/2022,Zoe,Female,535,Capitol KIA,Hyundai,Accent,Manual,Black,18,Hatchback,Pasco,Overhead Camshaft
1018,1/18/2022,Zoey,Female,57,Chrysler of Tri-Cities,Cadillac,Eldorado,Auto,Pale White,31,Passenger,Janesville,Double Overhead Camshaft
1019,1/19/2022,Aaliyah,Male,685,Chrysler Plymouth,Toyota,Land Cruiser,Auto,Pale White,33,SUV,Scottsdale,Double Overhead Camshaft
1020,1/20/2022,Abigail,Male,455,Classic Chevy,Honda,Accord,Auto,Pale White,21,Sedan,Austin,Double Overhead Camshaft
1021,1/21/2022,Adrianna,Male,135,Clay Johnson Auto Sales,Toyota,4Runner,Manual,Black,25,Sedan,Austin,Overhead Camshaft
1022,1/22/2022,Joshua,Male,25,Classic Chevy,Infiniti,I3,Auto,Black,21,Hardtop,Middletown,Double Overhead Camshaft
1023,1/23/2022,Marcus,Male,585,Diehl Motor CO Inc,Audi,A4,Manual,Pale White,12,Hardtop,Pasco,Overhead Camshaft
1024,1/24/2022,Arthur,Male,92,Star Enterprises Inc,Porsche,Carrera Cabrio,Auto,Pale White,18,Passenger,Janesville,Double Overhead Camshaft
1025,1/25/2022,Lizzie,Male,672,Suburban Ford,Volkswagen,Jetta,Auto,Pale White,22,Passenger,Scottsdale,Double Overhead Camshaft
1026,1/26/2022,Florian,Male,8125,Tri-State Mack Inc,Dodge,Viper,Auto,Pale White,3125,SUV,Austin,Double Overhead Camshaft
1027,1/27/2022,Cassandre,Female,82,U-Haul CO,Buick,Regal,Auto,Black,19,Passenger,Janesville,Double Overhead Camshaft
1028,1/28/2022,Syrielle,Male,791,Progressive Shippers Cooperative Association No,Chrysler,LHS,Manual,Pale White,41,Hatchback,Janesville,Overhead Camshaft
1029,1/29/2022,Sloane,Male,135,Race Car Help,Chrysler,LHS,Manual,Pale White,41,Hatchback,Scottsdale,Overhead Camshaft
1030,1/30/2022,Sofia,Male,12,Ryder Truck Rental and Leasing,Saturn,LW,Manual,Pale White,13,Hatchback,Austin,Overhead Camshaft
1031,1/31/2022,Sophia,Male,21,Saab-Belle Dodge,Mitsubishi,3GT,Manual,Pale White,2,Sedan,Middletown,Overhead Camshaft
1032,2/2/2022,Sophie,Male,75,Scrivener Performance Engineering,Mercedes-B,SLK23,Manual,Pale White,14,Hatchback,Aurora,Overhead Camshaft
1033,2/3/2022,Stella,Male,635,Star Enterprises Inc,Honda,Accord,Auto,Pale White,19,Sedan,Greenville,Double Overhead Camshaft
1034,2/4/2022,Suri,Male,675,Tri-State Mack Inc,Honda,Civic,Manual,Black,43,Hatchback,Pasco,Overhead Camshaft
1035,2/5/2022,Sury,Male,88,U-Haul CO,Jaguar,S-Type,Auto,Black,16,Passenger,Middletown,Double Overhead Camshaft
1036,2/6/2022,Haley,Male,135,Diehl Motor CO Inc,Volvo,S4,Auto,Pale White,42,Sedan,Aurora,Double Overhead Camshaft
1037,2/7/2022,Hannah,Male,135,Enterprise Rent A Car,Mercury,Mountaineer,Auto,Pale White,21,SUV,Greenville,Double Overhead Camshaft
1038,2/8/2022,Haylee,Male,135,Gartner Buick Hyundai Saab,Buick,Park Avenue,Auto,Black,61,Hatchback,Pasco,Double Overhead Camshaft
1039,2/9/2022,Hayley,Male,941,Hatfield Volkswagen,Mitsubishi,Montero Sport,Auto,Pale White,39,SUV,Pasco,Double Overhead Camshaft
1040,2/10/2022,Harry,Female,135,Star Enterprises Inc,Nissan,Sentra,Auto,Black,16,Passenger,Janesville,Double Overhead Camshaft
1041,2/11/2022,Henry,Male,135,Suburban Ford,Chrysler,Sebring Coupe,Manual,Pale White,26,Sedan,Scottsdale,Overhead Camshaft
1042,2/12/2022,Hersh,Female,135,Tri-State Mack Inc,Volvo,S8,Manual,Pale White,21,Sedan,Austin,Overhead Camshaft
1043,2/13/2022,Hershel,Male,9675,U-Haul CO,Chevrolet,Lumina,Manual,Black,425,Passenger,Middletown,Overhead Camshaft
1044,2/14/2022,Aicha,Male,6,Diehl Motor CO Inc,Mitsubishi,Montero Sport,Auto,Black,451,Hatchback,Aurora,Double Overhead Camshaft
1045,2/15/2022,Aisha,Male,575,Enterprise Rent A Car,Pontiac,Bonneville,Manual,Black,361,Hatchback,Greenville,Overhead Camshaft
1046,2/16/2022,Aissatou,Male,566,Gartner Buick Hyundai Saab,Mercedes-B,C-Class,Manual,Pale White,12,Hatchback,Pasco,Overhead Camshaft
1047,2/17/2022,Alana,Male,125,Hatfield Volkswagen,BMW,323i,Manual,Pale White,211,Hatchback,Scottsdale,Overhead Camshaft
1048,2/18/2022,Chloe,Male,73,Rabun Used Car Sales,Acura,TL,Auto,Pale White,29,Hatchback,Austin,Double Overhead Camshaft
1049,2/19/2022,Valentine,Male,46,Race Car Help,Nissan,Altima,Auto,Pale White,2,Hatchback,Middletown,Double Overhead Camshaft
1050,2/20/2022,Aurore,Male,135,Ryder Truck Rental and Leasing,Cadillac,DeVille,Auto,Pale White,22,SUV,Aurora,Double Overhead Camshaft
1051,2/21/2022,Nikita,Male,118,Saab-Belle Dodge,Dodge,Stratus,Auto,Pale White,31,Hatchback,Austin,Double Overhead Camshaft
1052,2/22/2022,Justine,Male,136,Progressive Shippers Cooperative Association No,Audi,A4,Auto,Black,27,Hardtop,Scottsdale,Double Overhead Camshaft
1053,2/23/2022,Sylvia,Female,64,C & M Motors Inc,Mercury,Cougar,Auto,Black,33,Hatchback,Middletown,Double Overhead Camshaft
1054,2/24/2022,Chloe,Male,615,Scrivener Performance Engineering,Chevrolet,Malibu,Manual,Pale White,14,Hardtop,Middletown,Overhead Camshaft
1055,2/25/2022,Tamar,Male,52,Chrysler of Tri-Cities,Acura,RL,Manual,Pale White,17,SUV,Janesville,Overhead Camshaft
1056,2/26/2022,Hazel,Male,1876,Iceberg Rentals,Saturn,SW,Auto,Pale White,256,Passenger,Scottsdale,Double Overhead Camshaft
1057,2/27/2022,Heaven,Male,135,McKinney Dodge Chrysler Jeep,Volvo,C7,Manual,Black,17,Hatchback,Austin,Overhead Camshaft
1058,2/28/2022,Heidi,Male,135,Motor Vehicle Branch Office,Mercury,Mountaineer,Manual,Pale White,21,SUV,Middletown,Overhead Camshaft
1059,3/1/2022,Hershy,Male,89,Buddy Storbeck's Diesel Service Inc,Mercedes-B,C-Class,Manual,Pale White,12,Hatchback,Aurora,Overhead Camshaft
1060,3/2/2022,Hudson,Male,18,C & M Motors Inc,Mercedes-B,SLK,Manual,Pale White,17,Passenger,Janesville,Overhead Camshaft
1061,3/3/2022,Amare,Male,133,Ryder Truck Rental and Leasing,Toyota,Tacoma,Manual,Black,36,Hardtop,Janesville,Overhead Camshaft
1062,3/4/2022,Alexandria,Male,393,Iceberg Rentals,Mercedes-B,C-Class,Manual,Pale White,17,Hatchback,Austin,Overhead Camshaft
1063,3/5/2022,Alexis,Male,44,McKinney Dodge Chrysler Jeep,Mercedes-B,M-Class,Manual,Pale White,41,Hatchback,Middletown,Overhead Camshaft
1064,3/6/2022,Alyssa,Female,28,Nebo Chevrolet,Audi,A6,Auto,Black,14,SUV,Greenville,Double Overhead Camshaft
1065,3/7/2022,Coline,Male,1151,Scrivener Performance Engineering,Dodge,Intrepid,Auto,Pale White,311,Sedan,Pasco,Double Overhead Camshaft
1066,3/8/2022,Annaelle,Male,165,Star Enterprises Inc,Buick,Park Avenue,Auto,Black,61,Hatchback,Janesville,Double Overhead Camshaft
1067,3/9/2022,Anais,Male,135,Suburban Ford,Dodge,Viper,Manual,Black,26,SUV,Aurora,Overhead Camshaft
1068,3/10/2022,Taylor,Male,895,Chrysler Plymouth,Toyota,Sienna,Manual,Black,12,Passenger,Greenville,Overhead Camshaft
1069,3/11/2022,Tessa,Female,66,Classic Chevy,Volvo,S4,Auto,Pale White,42,Sedan,Pasco,Double Overhead Camshaft
1070,3/12/2022,Toby,Male,135,Clay Johnson Auto Sales,Mitsubishi,Diamante,Auto,Pale White,21,Hatchback,Middletown,Double Overhead Camshaft
1071,3/13/2022,Heidy,Male,1636,Nebo Chevrolet,Cadillac,DeVille,Auto,Pale White,226,SUV,Aurora,Double Overhead Camshaft
1072,3/14/2022,Helen,Female,1,New Castle Ford Lincoln Mercury,Jaguar,S-Type,Manual,Pale White,45,Passenger,Greenville,Overhead Camshaft
1073,3/15/2022,Imani,Female,745,Pars Auto Sales,Mitsubishi,Eclipse,Manual,Black,25,SUV,Pasco,Overhead Camshaft
1074,3/16/2022,Ingrid,Male,3,Pitre Buick-Pontiac-Gmc of Scottsdale,Ford,Contour,Auto,Pale White,62,Sedan,Janesville,Double Overhead Camshaft
1075,3/17/2022,Irene,Male,197,Progressive Shippers Cooperative Association No,Volkswagen,Jetta,Auto,Black,227,Passenger,Scottsdale,Double Overhead Camshaft
1076,3/18/2022,Iris,Female,542,Rabun Used Car Sales,Mitsubishi,Montero Sport,Auto,Black,45,SUV,Pasco,Double Overhead Camshaft
1077,3/19/2022,Hunter,Male,12,Chrysler of Tri-Cities,Lincoln,Town car,Manual,Black,17,Hatchback,Austin,Overhead Camshaft
1078,3/20/2022,James,Male,49,Motor Vehicle Branch Office,Ford,Focus,Manual,Black,49,Hardtop,Scottsdale,Overhead Camshaft
1079,3/21/2022,Ilan,Male,41,Classic Chevy,Audi,A6,Manual,Black,15,SUV,Austin,Overhead Camshaft
1080,3/22/2022,Isaac,Male,93,Clay Johnson Auto Sales,Acura,TL,Auto,Black,28,Hatchback,Greenville,Double Overhead Camshaft
1081,3/23/2022,Aaron,Male,48,Tri-State Mack Inc,Nissan,Pathfinder,Auto,Pale White,46,Hardtop,Aurora,Double Overhead Camshaft
1082,3/24/2022,Israel,Female,136,Enterprise Rent A Car,Ford,Mustang,Manual,Pale White,43,Hatchback,Aurora,Overhead Camshaft
1083,3/25/2022,Amara,Male,22,New Castle Ford Lincoln Mercury,Oldsmobile,Cutlass,Auto,Pale White,41,Sedan,Greenville,Double Overhead Camshaft
1084,3/26/2022,Amaya,Female,11,Pars Auto Sales,Chevrolet,Corvette,Auto,Pale White,45,SUV,Pasco,Double Overhead Camshaft
1085,3/27/2022,Amelia,Male,135,Pitre Buick-Pontiac-Gmc of Scottsdale,Chevrolet,Impala,Manual,Pale White,221,Hatchback,Janesville,Overhead Camshaft
1086,3/28/2022,Amia,Male,17,Progressive Shippers Cooperative Association No,Volkswagen,Cabrio,Manual,Pale White,251,Sedan,Scottsdale,Overhead Camshaft
1087,3/29/2022,Amina,Male,198,Rabun Used Car Sales,Dodge,Dakota,Manual,Pale White,128,Sedan,Austin,Overhead Camshaft
1088,3/30/2022,Aminata,Male,135,Race Car Help,Chrysler,3M,Auto,Black,26,SUV,Scottsdale,Double Overhead Camshaft
1089,3/31/2022,Alizee,Male,135,Tri-State Mack Inc,BMW,328i,Auto,Black,18,Sedan,Austin,Double Overhead Camshaft
1090,4/1/2022,Caroline,Male,255,U-Haul CO,Oldsmobile,Bravada,Auto,Pale White,19,Hatchback,Middletown,Double Overhead Camshaft
1091,4/2/2022,Wadia,Male,1245,Buddy Storbeck's Diesel Service Inc,Nissan,Maxima,Manual,Pale White,225,Sedan,Austin,Overhead Camshaft
1092,4/3/2022,Mauricio,Male,135,Race Car Help,Dodge,Ram Pickup,Manual,Pale White,211,Hardtop,Aurora,Overhead Camshaft
1093,4/4/2022,Maximilian,Male,1115,Saab-Belle Dodge,Chrysler,Concorde,Auto,Pale White,465,Hardtop,Pasco,Double Overhead Camshaft
1094,4/5/2022,Elisa,Male,135,Chrysler of Tri-Cities,Chrysler,3M,Auto,Pale White,16,SUV,Janesville,Double Overhead Camshaft
1095,4/6/2022,Tzipora,Male,211,Diehl Motor CO Inc,Volvo,V7,Auto,Black,39,Passenger,Scottsdale,Double Overhead Camshaft
1096,4/7/2022,Tziporah,Female,135,Enterprise Rent A Car,Nissan,Quest,Manual,Black,19,SUV,Austin,Overhead Camshaft
1097,4/8/2022,Tzippy,Male,15,Gartner Buick Hyundai Saab,Chrysler,LHS,Auto,Black,26,Hatchback,Janesville,Double Overhead Camshaft
1098,4/9/2022,Tzivia,Male,135,Hatfield Volkswagen,Honda,Accord,Manual,Black,43,Sedan,Scottsdale,Overhead Camshaft
1099,4/10/2022,Valentina,Female,135,Iceberg Rentals,Nissan,Maxima,Manual,Pale White,54,Sedan,Austin,Overhead Camshaft
1100,4/11/2022,Valerie,Male,32,McKinney Dodge Chrysler Jeep,Dodge,Durango,Auto,Pale White,22,SUV,Austin,Double Overhead Camshaft
1101,4/12/2022,Isabel,Male,135,Race Car Help,Lexus,ES3,Auto,Black,161,SUV,Middletown,Double Overhead Camshaft
1102,4/13/2022,Isabela,Female,76,Ryder Truck Rental and Leasing,BMW,328i,Auto,Black,161,Sedan,Greenville,Double Overhead Camshaft
1103,4/14/2022,Ivan,Male,139,Gartner Buick Hyundai Saab,Toyota,Land Cruiser,Auto,Pale White,12,SUV,Janesville,Double Overhead Camshaft
1104,4/15/2022,Abel,Male,659,Buddy Storbeck's Diesel Service Inc,Mercedes-B,SL-Class,Manual,Black,38,Hardtop,Middletown,Overhead Camshaft
1105,4/16/2022,Amira,Male,133,Ryder Truck Rental and Leasing,Ford,Explorer,Auto,Pale White,42,Hatchback,Aurora,Double Overhead Camshaft
1106,4/17/2022,Amirah,Male,135,Saab-Belle Dodge,Nissan,Pathfinder,Auto,Pale White,21,Hatchback,Janesville,Double Overhead Camshaft
1107,4/18/2022,Mathias,Female,135,Chrysler Plymouth,Volvo,C7,Auto,Black,49,Hatchback,Pasco,Double Overhead Camshaft
1108,4/19/2022,Noel,Male,1362,Chrysler of Tri-Cities,Chevrolet,Prizm,Manual,Pale White,212,Hardtop,Middletown,Overhead Camshaft
1109,4/20/2022,Vanessa,Male,48,Motor Vehicle Branch Office,Mercury,Grand Marquis,Manual,Pale White,71,SUV,Aurora,Overhead Camshaft
1110,4/21/2022,Vera,Female,365,Nebo Chevrolet,Chevrolet,Camaro,Auto,Pale White,17,Sedan,Aurora,Double Overhead Camshaft
1111,4/22/2022,Isabella,Female,481,Saab-Belle Dodge,Subaru,Outback,Auto,Pale White,571,SUV,Greenville,Double Overhead Camshaft
1112,4/23/2022,Isabelle,Male,7,Scrivener Performance Engineering,Buick,Park Avenue,Auto,Pale White,621,Hatchback,Pasco,Double Overhead Camshaft
1113,4/24/2022,Isis,Male,135,Star Enterprises Inc,Ford,Taurus,Manual,Black,691,SUV,Janesville,Overhead Camshaft
1114,4/25/2022,Itzel,Male,75,Suburban Ford,Chevrolet,Cavalier,Manual,Pale White,21,SUV,Austin,Overhead Camshaft
1115,4/26/2022,Yadiel,Male,451,McKinney Dodge Chrysler Jeep,Audi,A4,Auto,Black,27,Hardtop,Janesville,Double Overhead Camshaft
1116,4/27/2022,Joseph,Female,65,U-Haul CO,Ford,Focus,Manual,Black,49,Hardtop,Austin,Overhead Camshaft
1117,4/28/2022,Jake,Male,7,Motor Vehicle Branch Office,Mitsubishi,Diamante,Manual,Black,49,Hatchback,Middletown,Overhead Camshaft
1118,4/29/2022,James,Female,135,Nebo Chevrolet,Lexus,GS4,Auto,Black,12,Hatchback,Greenville,Double Overhead Camshaft
1119,4/30/2022,Amiya,Female,122,Scrivener Performance Engineering,Mercedes-B,M-Class,Manual,Pale White,25,Hatchback,Pasco,Overhead Camshaft
1120,5/1/2022,Amiyah,Male,13,Star Enterprises Inc,Chrysler,Concorde,Auto,Pale White,42,Hatchback,Janesville,Double Overhead Camshaft
1121,5/2/2022,Angelina,Male,47,Suburban Ford,Chrysler,Sebring Coupe,Auto,Pale White,19,Sedan,Scottsdale,Double Overhead Camshaft
1122,5/3/2022,Aniya,Female,11675,Tri-State Mack Inc,Chevrolet,Monte Carlo,Manual,Pale White,2675,Hatchback,Austin,Overhead Camshaft
1123,5/4/2022,Benott,Male,3,Clay Johnson Auto Sales,Cadillac,Eldorado,Auto,Pale White,31,Passenger,Middletown,Double Overhead Camshaft
1124,5/5/2022,Lucas,Male,19,Diehl Motor CO Inc,Saturn,LW,Manual,Pale White,49,Hatchback,Aurora,Overhead Camshaft
1125,5/6/2022,Clara,Female,169,Enterprise Rent A Car,Hyundai,Sonata,Manual,Black,15,SUV,Greenville,Overhead Camshaft
1126,5/7/2022,Clara,Male,28,Gartner Buick Hyundai Saab,Mercury,Sable,Auto,Pale White,26,Sedan,Greenville,Double Overhead Camshaft
1127,5/8/2022,Alexis,Male,642,Suburban Ford,Mercedes-B,SL-Class,Manual,Pale White,17,Hardtop,Pasco,Overhead Camshaft
1128,5/9/2022,Veronika,Female,75,Pars Auto Sales,Volvo,C7,Manual,Pale White,24,Hatchback,Janesville,Overhead Camshaft
1129,5/10/2022,Victoria,Male,67,Pitre Buick-Pontiac-Gmc of Scottsdale,Chevrolet,Metro,Auto,Pale White,19,Passenger,Scottsdale,Double Overhead Camshaft
1130,5/11/2022,Violet,Male,135,Progressive Shippers Cooperative Association No,Jaguar,S-Type,Manual,Pale White,2,Passenger,Scottsdale,Overhead Camshaft
1131,5/12/2022,Izabella,Female,1985,Tri-State Mack Inc,Acura,TL,Auto,Black,2851,Hatchback,Aurora,Double Overhead Camshaft
1132,5/13/2022,Jason,Male,1275,New Castle Ford Lincoln Mercury,BMW,323i,Auto,Pale White,155,Hatchback,Austin,Double Overhead Camshaft
1133,5/14/2022,Aniyah,Male,135,U-Haul CO,Plymouth,Voyager,Manual,Pale White,2,Passenger,Pasco,Overhead Camshaft
1134,5/15/2022,Elise,Male,165,Hatfield Volkswagen,Nissan,Maxima,Manual,Pale White,29,Sedan,Austin,Overhead Camshaft
1135,5/16/2022,Vivian,Male,525,Rabun Used Car Sales,Chrysler,Cirrus,Auto,Pale White,125,Passenger,Austin,Double Overhead Camshaft
1136,5/17/2022,Jacqueline,Female,5,U-Haul CO,Mercury,Grand Marquis,Manual,Pale White,161,SUV,Middletown,Overhead Camshaft
1137,5/18/2022,Jada,Male,11725,Buddy Storbeck's Diesel Service Inc,Lexus,ES3,Auto,Pale White,2725,SUV,Aurora,Double Overhead Camshaft
1138,5/19/2022,Jade,Male,441,C & M Motors Inc,Dodge,Intrepid,Manual,Black,11,Sedan,Greenville,Overhead Camshaft
1139,5/20/2022,Jaelynn,Male,131,Capitol KIA,Nissan,Maxima,Manual,Pale White,221,Sedan,Pasco,Overhead Camshaft
1140,5/21/2022,Jamie,Male,135,Chrysler of Tri-Cities,Dodge,Avenger,Auto,Pale White,22,Passenger,Janesville,Double Overhead Camshaft
1141,5/22/2022,Janelle,Male,12,Chrysler Plymouth,Chevrolet,Corvette,Manual,Pale White,22,SUV,Greenville,Overhead Camshaft
1142,5/23/2022,Jasper,Male,168,Pars Auto Sales,Acura,RL,Manual,Black,18,SUV,Pasco,Overhead Camshaft
1143,5/24/2022,Jayden,Male,134,Pitre Buick-Pontiac-Gmc of Scottsdale,Honda,Odyssey,Manual,Pale White,27,Passenger,Janesville,Overhead Camshaft
1144,5/25/2022,Jesse,Female,91,Progressive Shippers Cooperative Association No,Oldsmobile,Intrigue,Manual,Pale White,25,SUV,Scottsdale,Overhead Camshaft
1145,5/26/2022,Joel,Female,8495,Rabun Used Car Sales,Acura,RL,Manual,Pale White,265,SUV,Austin,Overhead Camshaft
1146,5/27/2022,John,Male,135,Race Car Help,Ford,Taurus,Manual,Black,69,SUV,Middletown,Overhead Camshaft
1147,5/28/2022,Jonah,Female,1715,Ryder Truck Rental and Leasing,Oldsmobile,Silhouette,Manual,Pale White,1415,Sedan,Janesville,Overhead Camshaft
1148,5/29/2022,Annabelle,Male,174,Progressive Shippers Cooperative Association No,Saab,4554,Manual,Pale White,28,Hatchback,Scottsdale,Overhead Camshaft
1149,5/30/2022,Aria,Male,135,Rabun Used Car Sales,Honda,Civic,Manual,Black,43,Hatchback,Austin,Overhead Camshaft
1150,5/31/2022,Ariana,Male,17,Race Car Help,BMW,528i,Manual,Pale White,25,SUV,Middletown,Overhead Camshaft
1151,6/1/2022,Arianna,Male,11,Ryder Truck Rental and Leasing,Oldsmobile,Silhouette,Auto,Pale White,12,Sedan,Aurora,Double Overhead Camshaft
1152,6/2/2022,Ariel,Male,135,Saab-Belle Dodge,Lexus,LS4,Auto,Black,39,Sedan,Greenville,Double Overhead Camshaft
1153,6/3/2022,Arielle,Male,2155,Scrivener Performance Engineering,Cadillac,Eldorado,Auto,Black,65,Passenger,Janesville,Double Overhead Camshaft
1154,6/4/2022,Louane,Male,135,Iceberg Rentals,Volkswagen,Jetta,Auto,Pale White,16,Passenger,Scottsdale,Double Overhead Camshaft
1155,6/5/2022,Nina,Male,135,McKinney Dodge Chrysler Jeep,Pontiac,Bonneville,Auto,Pale White,19,Hatchback,Austin,Double Overhead Camshaft
1156,6/6/2022,Laurine,Male,661,Motor Vehicle Branch Office,Chevrolet,Monte Carlo,Manual,Black,44,Hatchback,Middletown,Overhead Camshaft
1157,6/7/2022,Noah,Female,135,Nebo Chevrolet,Oldsmobile,Aurora,Manual,Pale White,71,Passenger,Aurora,Overhead Camshaft
1158,6/8/2022,Arthur,Male,135,New Castle Ford Lincoln Mercury,Ford,Mustang,Manual,Pale White,25,Hatchback,Greenville,Overhead Camshaft
1159,6/9/2022,Romain,Male,275,Pars Auto Sales,Mitsubishi,Diamante,Auto,Black,18,Hatchback,Middletown,Double Overhead Camshaft
1160,6/10/2022,Vivienne,Male,135,Race Car Help,Ford,Expedition,Manual,Pale White,22,SUV,Middletown,Overhead Camshaft
1161,6/11/2022,Gurdeniz,Male,135,Diehl Motor CO Inc,Mercedes-B,M-Class,Manual,Pale White,41,Hardtop,Greenville,Overhead Camshaft
1162,6/12/2022,Anais,Female,135,Gartner Buick Hyundai Saab,Ford,Focus,Manual,Black,49,Hardtop,Pasco,Overhead Camshaft
1163,6/13/2022,Yael,Male,95,Scrivener Performance Engineering,Volkswagen,Jetta,Auto,Pale White,19,Passenger,Janesville,Double Overhead Camshaft
1164,6/14/2022,Yasmine,Female,715,Star Enterprises Inc,BMW,528i,Manual,Black,21,SUV,Scottsdale,Overhead Camshaft
1165,6/15/2022,Matheo,Female,135,Rabun Used Car Sales,Subaru,Forester,Auto,Black,22,Hardtop,Scottsdale,Double Overhead Camshaft
1166,6/16/2022,Jaslene,Female,847,Classic Chevy,Plymouth,Breeze,Manual,Pale White,16,SUV,Austin,Overhead Camshaft
1167,6/17/2022,Jasmin,Female,135,Clay Johnson Auto Sales,Volkswagen,Beetle,Auto,Pale White,45,SUV,Middletown,Double Overhead Camshaft
1168,6/18/2022,Jasmine,Male,11765,Diehl Motor CO Inc,Dodge,Intrepid,Manual,Black,1165,Sedan,Aurora,Overhead Camshaft
1169,6/19/2022,Jayda,Male,955,Enterprise Rent A Car,Hyundai,Elantra,Manual,Pale White,26,Sedan,Aurora,Overhead Camshaft
1170,6/20/2022,Jonathan,Male,8,Saab-Belle Dodge,Saturn,SW,Manual,Black,36,Passenger,Greenville,Overhead Camshaft
1171,6/21/2022,Jordan,Male,135,Scrivener Performance Engineering,Lincoln,Continental,Manual,Pale White,82,Passenger,Pasco,Overhead Camshaft
1172,6/22/2022,Joseph,Female,135,Star Enterprises Inc,Chevrolet,Camaro,Auto,Pale White,24,Sedan,Austin,Double Overhead Camshaft
1173,6/23/2022,Allison,Male,6268,Nebo Chevrolet,Nissan,Pathfinder,Manual,Pale White,118,Hardtop,Pasco,Overhead Camshaft
1174,6/24/2022,Ashley,Male,2115,Star Enterprises Inc,Toyota,RAV4,Auto,Pale White,275,Hatchback,Janesville,Double Overhead Camshaft
1175,6/25/2022,Aubree,Male,281,Suburban Ford,Mercury,Villager,Auto,Pale White,36,Passenger,Scottsdale,Double Overhead Camshaft
1176,6/26/2022,Aubrey,Male,135,Tri-State Mack Inc,Jaguar,S-Type,Manual,Pale White,2,Passenger,Austin,Overhead Camshaft
1177,6/27/2022,Autumn,Male,135,U-Haul CO,Mercedes-B,SLK,Manual,Pale White,17,Passenger,Pasco,Overhead Camshaft
1178,6/28/2022,Victor,Male,1589,Pitre Buick-Pontiac-Gmc of Scottsdale,Volkswagen,Jetta,Auto,Pale White,169,Passenger,Janesville,Double Overhead Camshaft
1179,6/29/2022,Ludivine,Male,1385,Progressive Shippers Cooperative Association No,Buick,Regal,Auto,Pale White,465,Passenger,Scottsdale,Double Overhead Camshaft
1180,6/30/2022,Anais,Male,2,Rabun Used Car Sales,Mercedes-B,C-Class,Auto,Black,14,Hatchback,Austin,Double Overhead Camshaft
1181,7/1/2022,Luckas,Male,951,Race Car Help,Toyota,Sienna,Manual,Black,16,Passenger,Austin,Overhead Camshaft
1182,7/2/2022,Victor,Male,139,Race Car Help,Volvo,S7,Manual,Black,22,Hardtop,Middletown,Overhead Camshaft
1183,7/3/2022,Yitty,Male,232,U-Haul CO,Nissan,Altima,Auto,Pale White,2,Hatchback,Aurora,Double Overhead Camshaft
1184,7/4/2022,Yocheved,Female,2752,Progressive Shippers Cooperative Association No,Toyota,Celica,Manual,Pale White,142,SUV,Greenville,Overhead Camshaft
1185,7/5/2022,Zissy,Male,655,Rabun Used Car Sales,Saturn,LS,Auto,Pale White,51,Sedan,Greenville,Double Overhead Camshaft
1186,7/6/2022,Jayla,Male,89,Gartner Buick Hyundai Saab,Mitsubishi,Diamante,Manual,Pale White,19,Hatchback,Pasco,Overhead Camshaft
1187,7/7/2022,Jaylah,Male,133,Hatfield Volkswagen,Lexus,GS4,Auto,Pale White,31,Hatchback,Janesville,Double Overhead Camshaft
1188,7/8/2022,Jayleen,Male,135,Iceberg Rentals,Porsche,Carrera Cabrio,Auto,Pale White,32,Passenger,Scottsdale,Double Overhead Camshaft
1189,7/9/2022,Jaylene,Male,9,McKinney Dodge Chrysler Jeep,Dodge,Ram Van,Auto,Pale White,31,Hatchback,Scottsdale,Double Overhead Camshaft
1190,7/10/2022,Judah,Male,57,Tri-State Mack Inc,Oldsmobile,Silhouette,Manual,Pale White,14,Sedan,Austin,Overhead Camshaft
1191,7/11/2022,Jude,Male,715,U-Haul CO,Audi,A6,Manual,Black,25,SUV,Janesville,Overhead Camshaft
1192,7/12/2022,Julian,Female,63,Progressive Shippers Cooperative Association No,Oldsmobile,Cutlass,Auto,Pale White,46,Sedan,Scottsdale,Double Overhead Camshaft
1193,7/13/2022,Justin,Female,75,Rabun Used Car Sales,Mercedes-B,S-Class,Auto,Black,395,SUV,Middletown,Double Overhead Camshaft
1194,7/14/2022,Ava,Male,213,Buddy Storbeck's Diesel Service Inc,Mitsubishi,3GT,Auto,Black,39,Sedan,Aurora,Double Overhead Camshaft
1195,7/15/2022,Avery,Male,135,C & M Motors Inc,BMW,528i,Auto,Black,31,SUV,Greenville,Double Overhead Camshaft
1196,7/16/2022,Bella,Male,295,Capitol KIA,Chevrolet,Malibu,Manual,Pale White,41,Hatchback,Pasco,Overhead Camshaft
1197,7/17/2022,Blessing,Male,215,Chrysler of Tri-Cities,Chrysler,3M,Auto,Pale White,22,SUV,Middletown,Double Overhead Camshaft
1198,7/18/2022,Angele,Female,17,Ryder Truck Rental and Leasing,Ford,Mustang,Manual,Black,22,Hatchback,Aurora,Overhead Camshaft
1199,7/19/2022,Mathis,Male,135,Saab-Belle Dodge,Dodge,Viper,Auto,Pale White,41,SUV,Greenville,Double Overhead Camshaft
1200,7/20/2022,Evann,Male,154,Scrivener Performance Engineering,Jaguar,S-Type,Manual,Pale White,21,Passenger,Pasco,Overhead Camshaft
1201,7/21/2022,Gael,Male,13,Star Enterprises Inc,Mercedes-B,SLK,Manual,Black,26,Passenger,Pasco,Overhead Camshaft
1202,7/22/2022,Zoe,Male,96,Race Car Help,Mercedes-B,E-Class,Auto,Pale White,31,Sedan,Janesville,Double Overhead Camshaft
1203,7/23/2022,Zoey,Male,135,Ryder Truck Rental and Leasing,Pontiac,Grand Am,Auto,Pale White,19,SUV,Scottsdale,Double Overhead Camshaft
1204,7/24/2022,Aarav,Male,181,Saab-Belle Dodge,Saturn,LW,Manual,Pale White,13,Hatchback,Middletown,Overhead Camshaft
1205,7/25/2022,Mathis,Male,113,Ryder Truck Rental and Leasing,Saturn,SC,Auto,Black,33,Hardtop,Austin,Double Overhead Camshaft
1206,7/26/2022,Jaylin,Male,19,Motor Vehicle Branch Office,Mercury,Sable,Manual,Pale White,61,Sedan,Middletown,Overhead Camshaft
1207,7/27/2022,Jaylyn,Male,5,Nebo Chevrolet,Toyota,Land Cruiser,Auto,Black,21,SUV,Austin,Double Overhead Camshaft
1208,7/28/2022,Kacper,Female,17,Race Car Help,Nissan,Maxima,Manual,Pale White,16,Sedan,Middletown,Overhead Camshaft
1209,7/29/2022,Kai,Male,86,Ryder Truck Rental and Leasing,Oldsmobile,Bravada,Auto,Pale White,15,Hatchback,Janesville,Double Overhead Camshaft
1210,7/30/2022,Brianna,Male,135,Chrysler Plymouth,Volkswagen,Passat,Manual,Pale White,27,Hatchback,Scottsdale,Overhead Camshaft
1211,7/31/2022,Brielle,Male,235,Classic Chevy,Volkswagen,Passat,Auto,Pale White,135,Hatchback,Janesville,Double Overhead Camshaft
1212,8/1/2022,Hugo,Male,13725,Suburban Ford,Nissan,Xterra,Auto,Black,925,Passenger,Scottsdale,Double Overhead Camshaft
1213,8/2/2022,Kassandra,Male,18,Tri-State Mack Inc,Ford,Mustang,Auto,Pale White,31,Hatchback,Middletown,Double Overhead Camshaft
1214,8/3/2022,Abdul,Male,125,Star Enterprises Inc,Volkswagen,Passat,Auto,Pale White,32,Hatchback,Aurora,Double Overhead Camshaft
1215,8/4/2022,Abdullah,Male,1175,Suburban Ford,Volvo,S4,Auto,Pale White,295,Sedan,Aurora,Double Overhead Camshaft
1216,8/5/2022,Jazlyn,Male,11,New Castle Ford Lincoln Mercury,Mercury,Villager,Manual,Pale White,14,Passenger,Greenville,Overhead Camshaft
1217,8/6/2022,Jazmin,Male,1315,Pars Auto Sales,Nissan,Frontier,Auto,Pale White,1851,Hatchback,Pasco,Double Overhead Camshaft
1218,8/7/2022,Jazmine,Female,48,Pitre Buick-Pontiac-Gmc of Scottsdale,Acura,RL,Manual,Pale White,171,SUV,Janesville,Overhead Camshaft
1219,8/8/2022,Jennifer,Female,4235,Progressive Shippers Cooperative Association No,Mitsubishi,Montero Sport,Manual,Pale White,125,SUV,Scottsdale,Overhead Camshaft
1220,8/9/2022,Jessica,Female,135,Rabun Used Car Sales,BMW,528i,Manual,Black,21,SUV,Aurora,Overhead Camshaft
1221,8/10/2022,Kenneth,Male,135,Saab-Belle Dodge,BMW,528i,Auto,Pale White,62,SUV,Greenville,Double Overhead Camshaft
1222,8/11/2022,Kevin,Male,653,Scrivener Performance Engineering,Ford,Crown Victoria,Auto,Black,11,Passenger,Pasco,Double Overhead Camshaft
1223,8/12/2022,Kieran,Male,135,Star Enterprises Inc,Nissan,Frontier,Manual,Pale White,2,Hatchback,Janesville,Overhead Camshaft
1224,8/13/2022,Kyle,Male,2862,Suburban Ford,Honda,Accord,Auto,Pale White,212,Sedan,Scottsdale,Double Overhead Camshaft
1225,8/14/2022,Landon,Male,218,Tri-State Mack Inc,Toyota,Camry,Manual,Black,29,Hatchback,Austin,Overhead Camshaft
1226,8/15/2022,Brooke,Male,135,Clay Johnson Auto Sales,Cadillac,Eldorado,Auto,Pale White,17,Passenger,Middletown,Double Overhead Camshaft
1227,8/16/2022,Brooklyn,Male,15,Diehl Motor CO Inc,Lexus,ES3,Auto,Pale White,27,Hatchback,Aurora,Double Overhead Camshaft
1228,8/17/2022,Cali,Male,119,Enterprise Rent A Car,Volvo,S4,Manual,Black,36,Sedan,Greenville,Overhead Camshaft
1229,8/18/2022,Chanel,Female,92,Gartner Buick Hyundai Saab,Lincoln,Navigator,Auto,Black,19,Sedan,Pasco,Double Overhead Camshaft
1230,8/19/2022,Charlotte,Male,32,Hatfield Volkswagen,Nissan,Frontier,Auto,Pale White,18,Hatchback,Janesville,Double Overhead Camshaft
1231,8/20/2022,Oliver,Male,69,Chrysler Plymouth,Chevrolet,Prizm,Auto,Pale White,15,Hardtop,Middletown,Double Overhead Camshaft
1232,8/21/2022,Owen,Male,135,Diehl Motor CO Inc,Toyota,Tacoma,Manual,Pale White,24,Hardtop,Scottsdale,Overhead Camshaft
1233,8/22/2022,Tomy,Male,95,Rabun Used Car Sales,Nissan,Sentra,Auto,Black,16,Passenger,Austin,Double Overhead Camshaft
1234,8/23/2022,Timothe,Male,135,Race Car Help,Ford,Crown Victoria,Auto,Pale White,29,Passenger,Middletown,Double Overhead Camshaft
1235,8/24/2022,Leo,Female,118,Ryder Truck Rental and Leasing,Pontiac,Bonneville,Auto,Pale White,19,Hatchback,Greenville,Double Overhead Camshaft
1236,8/25/2022,Adam,Male,8,Tri-State Mack Inc,Mercedes-B,CL5,Manual,Black,22,SUV,Pasco,Overhead Camshaft
1237,8/26/2022,Aditya,Male,1225,U-Haul CO,Dodge,Viper,Auto,Pale White,235,SUV,Janesville,Double Overhead Camshaft
1238,8/27/2022,Adrian,Female,12,Buddy Storbeck's Diesel Service Inc,Mitsubishi,Galant,Auto,Pale White,36,Passenger,Scottsdale,Double Overhead Camshaft
1239,8/28/2022,Ahmed,Male,135,C & M Motors Inc,Pontiac,Bonneville,Auto,Pale White,19,Hatchback,Pasco,Double Overhead Camshaft
1240,8/29/2022,Mathis,Male,135,Star Enterprises Inc,Toyota,Tacoma,Auto,Pale White,53,Hardtop,Austin,Double Overhead Camshaft
1241,8/30/2022,Jimena,Male,426,Race Car Help,Cadillac,Escalade,Auto,Black,28,Sedan,Middletown,Double Overhead Camshaft
1242,8/31/2022,Jocelyn,Male,14475,Ryder Truck Rental and Leasing,Oldsmobile,Silhouette,Auto,Black,675,Sedan,Janesville,Double Overhead Camshaft
1243,9/1/2022,Alana,Male,77,Suburban Ford,Chevrolet,Prizm,Auto,Pale White,42,Hardtop,Middletown,Double Overhead Camshaft
1244,9/2/2022,Leo,Male,161,Buddy Storbeck's Diesel Service Inc,Cadillac,Eldorado,Manual,Pale White,31,Passenger,Janesville,Overhead Camshaft
1245,9/3/2022,Chelsea,Female,154,Iceberg Rentals,Ford,Contour,Auto,Pale White,62,Sedan,Scottsdale,Double Overhead Camshaft
1246,9/4/2022,Chloe,Male,1285,McKinney Dodge Chrysler Jeep,Mercedes-B,S-Class,Auto,Black,395,SUV,Aurora,Double Overhead Camshaft
1247,9/5/2022,Pablo,Male,14,Enterprise Rent A Car,Toyota,Tacoma,Manual,Pale White,241,Hardtop,Greenville,Overhead Camshaft
1248,9/6/2022,Matthieu,Male,12,Scrivener Performance Engineering,Mercedes-B,C-Class,Auto,Pale White,15,Hatchback,Middletown,Double Overhead Camshaft
1249,9/7/2022,Aiden,Male,172,Chrysler of Tri-Cities,Nissan,Quest,Manual,Black,19,SUV,Austin,Overhead Camshaft
1250,1/1/2023,Mary,Female,6,U-Haul CO,Volkswagen,Golf,Auto,Pale White,35,Hardtop,Aurora,Double Overhead Camshaft
1251,1/2/2023,Johanna,Male,457,Saab-Belle Dodge,Hyundai,Sonata,Manual,Pale White,21,SUV,Aurora,Overhead Camshaft
1252,1/3/2023,Leon,Male,245,C & M Motors Inc,Nissan,Altima,Auto,Pale White,2,Hatchback,Austin,Double Overhead Camshaft
1253,1/4/2023,Christina,Male,1975,Motor Vehicle Branch Office,Ford,Ranger,Manual,Black,185,Hatchback,Pasco,Overhead Camshaft
1254,1/5/2023,Gwendoline,Female,86,Star Enterprises Inc,Chevrolet,Corvette,Auto,Pale White,45,SUV,Greenville,Double Overhead Camshaft
1255,1/6/2023,Alex,Male,944,Classic Chevy,Oldsmobile,Silhouette,Auto,Pale White,12,Sedan,Greenville,Double Overhead Camshaft
1256,1/7/2023,Joselyn,Male,1135,Scrivener Performance Engineering,Chevrolet,Prizm,Manual,Pale White,215,SUV,Greenville,Overhead Camshaft
1257,1/8/2023,Leonardo,Female,221,Capitol KIA,Volvo,S4,Manual,Pale White,17,Sedan,Middletown,Overhead Camshaft
1258,1/9/2023,Dakota,Male,316,Nebo Chevrolet,Chevrolet,Corvette,Auto,Pale White,46,SUV,Janesville,Double Overhead Camshaft
1259,1/10/2023,Malik,Male,1151,Suburban Ford,Toyota,Corolla,Auto,Pale White,411,Passenger,Pasco,Double Overhead Camshaft
1260,1/11/2023,Alexander,Male,1385,Clay Johnson Auto Sales,Toyota,RAV4,Manual,Pale White,225,Hatchback,Pasco,Overhead Camshaft
1261,1/12/2023,Julia,Female,7,Star Enterprises Inc,Mercury,Grand Marquis,Auto,Black,9,SUV,Janesville,Double Overhead Camshaft
1262,1/13/2023,Juliana,Male,1542,Suburban Ford,Chevrolet,Cavalier,Manual,Pale White,22,SUV,Scottsdale,Overhead Camshaft
1263,1/14/2023,Julianna,Female,962,Tri-State Mack Inc,Nissan,Maxima,Manual,Pale White,59,Sedan,Austin,Overhead Camshaft
1264,1/15/2023,Juliet,Male,129,U-Haul CO,Volvo,S7,Manual,Black,22,SUV,Pasco,Overhead Camshaft
1265,1/16/2023,Lev,Male,225,Chrysler of Tri-Cities,Subaru,Outback,Auto,Pale White,57,SUV,Janesville,Double Overhead Camshaft
1266,1/17/2023,Levi,Female,2155,Chrysler Plymouth,Chevrolet,Corvette,Auto,Pale White,255,SUV,Scottsdale,Double Overhead Camshaft
1267,1/18/2023,Liam,Male,135,Classic Chevy,Acura,RL,Manual,Black,18,SUV,Austin,Overhead Camshaft
1268,1/19/2023,Lipa,Female,135,Clay Johnson Auto Sales,Honda,Odyssey,Manual,Pale White,27,Passenger,Aurora,Overhead Camshaft
1269,1/20/2023,Danielle,Female,87,New Castle Ford Lincoln Mercury,Toyota,RAV4,Manual,Pale White,22,Hatchback,Greenville,Overhead Camshaft
1270,1/21/2023,Destiny,Female,825,Pars Auto Sales,Toyota,Tacoma,Manual,Pale White,82,Hatchback,Pasco,Overhead Camshaft
1271,1/22/2023,Egypt,Female,72,Pitre Buick-Pontiac-Gmc of Scottsdale,Plymouth,Prowler,Auto,Pale White,15,Hatchback,Janesville,Double Overhead Camshaft
1272,1/23/2023,Eliana,Female,85,Progressive Shippers Cooperative Association No,Toyota,Camry,Auto,Pale White,31,Hatchback,Scottsdale,Double Overhead Camshaft
1273,1/24/2023,Felix,Male,113,Tri-State Mack Inc,Volkswagen,Passat,Auto,Pale White,13,Hatchback,Austin,Double Overhead Camshaft
1274,1/25/2023,Julien,Male,135,U-Haul CO,Volkswagen,Cabrio,Auto,Pale White,17,Sedan,Middletown,Double Overhead Camshaft
1275,1/26/2023,Gabrielle,Male,137,Buddy Storbeck's Diesel Service Inc,Chrysler,Sebring Coupe,Auto,Pale White,46,Sedan,Aurora,Double Overhead Camshaft
1276,1/27/2023,Emeline,Male,1311,C & M Motors Inc,Ford,Windstar,Auto,Pale White,191,Sedan,Janesville,Double Overhead Camshaft
1277,1/28/2023,Ali,Female,128,Diehl Motor CO Inc,Dodge,Durango,Auto,Pale White,1,SUV,Scottsdale,Double Overhead Camshaft
1278,1/29/2023,Allen,Male,2,Enterprise Rent A Car,Lincoln,Continental,Manual,Black,42,Passenger,Austin,Overhead Camshaft
1279,1/30/2023,Alvin,Female,135,Gartner Buick Hyundai Saab,Mitsubishi,Diamante,Auto,Black,18,Hatchback,Janesville,Double Overhead Camshaft
1280,1/31/2023,Andrew,Male,65,Hatfield Volkswagen,Toyota,Celica,Auto,Pale White,25,SUV,Janesville,Double Overhead Camshaft
1281,2/1/2023,Juliette,Male,129,Progressive Shippers Cooperative Association No,Volkswagen,Jetta,Auto,Black,22,Passenger,Middletown,Double Overhead Camshaft
1282,2/2/2023,Logan,Male,135,Diehl Motor CO Inc,Volkswagen,GTI,Manual,Black,25,SUV,Scottsdale,Overhead Camshaft
1283,2/3/2023,Elizabeth,Female,911,Rabun Used Car Sales,Buick,Park Avenue,Manual,Pale White,23,Hatchback,Greenville,Overhead Camshaft
1284,2/4/2023,Theo,Male,115,Capitol KIA,Volkswagen,Jetta,Auto,Pale White,33,Passenger,Scottsdale,Double Overhead Camshaft
1285,2/5/2023,Andy,Male,655,Iceberg Rentals,Oldsmobile,Silhouette,Manual,Pale White,25,Sedan,Scottsdale,Overhead Camshaft
1286,2/6/2023,Julissa,Male,47,Rabun Used Car Sales,Honda,Accord,Manual,Black,43,Sedan,Austin,Overhead Camshaft
1287,2/7/2023,Kaelyn,Male,118,Race Car Help,BMW,328i,Manual,Pale White,211,Sedan,Middletown,Overhead Camshaft
1288,2/8/2023,Kailey,Male,1195,Ryder Truck Rental and Leasing,Pontiac,Bonneville,Manual,Pale White,1151,Hatchback,Aurora,Overhead Camshaft
1289,2/9/2023,Lorenzo,Female,142,Enterprise Rent A Car,Volkswagen,Passat,Auto,Pale White,32,Hatchback,Greenville,Double Overhead Camshaft
1290,2/10/2023,Louis,Male,135,Gartner Buick Hyundai Saab,Hyundai,Sonata,Manual,Black,2,SUV,Pasco,Overhead Camshaft
1291,2/11/2023,Luca,Male,135,Hatfield Volkswagen,Volkswagen,Passat,Auto,Black,9,Hatchback,Austin,Double Overhead Camshaft
1292,2/12/2023,Ella,Male,916,Race Car Help,Ford,Crown Victoria,Auto,Pale White,29,Passenger,Middletown,Double Overhead Camshaft
1293,2/13/2023,Emily,Female,592,Ryder Truck Rental and Leasing,Mercedes-B,C-Class,Manual,Pale White,17,Hatchback,Aurora,Overhead Camshaft
1294,2/14/2023,Emma,Male,75,Saab-Belle Dodge,Honda,Passport,Manual,Pale White,27,Hatchback,Pasco,Overhead Camshaft
1295,2/15/2023,Cedric,Male,19,Chrysler of Tri-Cities,Honda,Odyssey,Manual,Pale White,54,Passenger,Janesville,Overhead Camshaft
1296,2/16/2023,Hugo,Female,141,Chrysler Plymouth,Mercury,Cougar,Auto,Black,33,Hatchback,Aurora,Double Overhead Camshaft
1297,2/17/2023,Rafael,Male,1125,New Castle Ford Lincoln Mercury,Honda,Passport,Manual,Pale White,275,Hardtop,Austin,Overhead Camshaft
1298,2/18/2023,Anson,Female,58,McKinney Dodge Chrysler Jeep,Toyota,Celica,Manual,Pale White,14,SUV,Middletown,Overhead Camshaft
1299,2/19/2023,Anthony,Male,71,Motor Vehicle Branch Office,Chevrolet,Camaro,Auto,Black,41,Sedan,Aurora,Double Overhead Camshaft
1300,2/20/2023,Arjun,Female,335,Nebo Chevrolet,Ford,Taurus,Manual,Pale White,22,SUV,Aurora,Overhead Camshaft
1301,2/21/2023,Kailyn,Female,135,Saab-Belle Dodge,Ford,Focus,Manual,Pale White,24,SUV,Greenville,Overhead Camshaft
1302,2/22/2023,Kaitlyn,Male,1125,Scrivener Performance Engineering,Porsche,Boxter,Manual,Pale White,2425,SUV,Pasco,Overhead Camshaft
1303,2/23/2023,Kamila,Female,97,Star Enterprises Inc,Oldsmobile,Intrigue,Manual,Pale White,37,SUV,Janesville,Overhead Camshaft
1304,2/24/2023,Lucas,Female,1495,Iceberg Rentals,Lexus,LX47,Manual,Pale White,545,SUV,Scottsdale,Overhead Camshaft
1305,2/25/2023,Luka,Male,135,McKinney Dodge Chrysler Jeep,Chrysler,Sebring Coupe,Auto,Pale White,46,Sedan,Austin,Double Overhead Camshaft
1306,2/26/2023,Lukas,Male,135,Motor Vehicle Branch Office,Dodge,Stratus,Manual,Pale White,37,Hatchback,Greenville,Overhead Camshaft
1307,2/27/2023,Eva,Female,922,Scrivener Performance Engineering,Dodge,Viper,Manual,Black,26,SUV,Pasco,Overhead Camshaft
1308,2/28/2023,Faith,Female,113,Star Enterprises Inc,Nissan,Pathfinder,Auto,Pale White,21,Hatchback,Janesville,Double Overhead Camshaft
1309,3/1/2023,Fanta,Female,135,Suburban Ford,Toyota,Corolla,Auto,Pale White,41,Passenger,Austin,Double Overhead Camshaft
1310,3/2/2023,Matheo,Male,19,Clay Johnson Auto Sales,Nissan,Quest,Manual,Black,12,SUV,Middletown,Overhead Camshaft
1311,3/3/2023,Clemence,Male,631,Diehl Motor CO Inc,Dodge,Stratus,Manual,Pale White,251,Hatchback,Aurora,Overhead Camshaft
1312,3/4/2023,Calista,Male,135,Enterprise Rent A Car,Toyota,Camry,Manual,Black,34,Hatchback,Greenville,Overhead Camshaft
1313,3/5/2023,Armaan,Male,133,New Castle Ford Lincoln Mercury,Oldsmobile,Aurora,Manual,Pale White,34,Passenger,Aurora,Overhead Camshaft
1314,3/6/2023,Noa,Female,591,Rabun Used Car Sales,Mitsubishi,Montero Sport,Auto,Pale White,39,Hardtop,Janesville,Double Overhead Camshaft
1315,3/7/2023,Austin,Male,135,Pitre Buick-Pontiac-Gmc of Scottsdale,Mercury,Cougar,Auto,Black,33,Hatchback,Janesville,Double Overhead Camshaft
1316,3/8/2023,Karen,Male,13,Suburban Ford,Lincoln,Navigator,Manual,Pale White,33,Sedan,Scottsdale,Overhead Camshaft
1317,3/9/2023,Karla,Female,135,Tri-State Mack Inc,Acura,RL,Manual,Black,18,SUV,Austin,Overhead Camshaft
1318,3/10/2023,Kate,Female,927,U-Haul CO,Honda,Accord,Auto,Pale White,21,Sedan,Middletown,Double Overhead Camshaft
1319,3/11/2023,Katelyn,Male,84,Buddy Storbeck's Diesel Service Inc,Mitsubishi,Montero Sport,Auto,Pale White,39,SUV,Aurora,Double Overhead Camshaft
1320,3/12/2023,Katelynn,Male,73,C & M Motors Inc,Mercedes-B,M-Class,Manual,Pale White,25,SUV,Greenville,Overhead Camshaft
1321,3/13/2023,Katherine,Male,77,Capitol KIA,Nissan,Pathfinder,Auto,Pale White,46,SUV,Middletown,Double Overhead Camshaft
1322,3/14/2023,Luke,Female,1125,Nebo Chevrolet,Chevrolet,Metro,Manual,Pale White,135,Passenger,Aurora,Overhead Camshaft
1323,3/15/2023,Maksim,Female,995,New Castle Ford Lincoln Mercury,Dodge,Dakota,Auto,Pale White,21,Sedan,Greenville,Double Overhead Camshaft
1324,3/16/2023,Marc,Male,135,Pars Auto Sales,Hyundai,Sonata,Manual,Pale White,13,SUV,Pasco,Overhead Camshaft
1325,3/17/2023,Marco,Female,135,Pitre Buick-Pontiac-Gmc of Scottsdale,Ford,Taurus,Manual,Black,43,SUV,Janesville,Overhead Camshaft
1326,3/18/2023,Marcus,Male,11,Progressive Shippers Cooperative Association No,Toyota,RAV4,Manual,Pale White,22,Hatchback,Scottsdale,Overhead Camshaft
1327,3/19/2023,Mark,Male,135,Rabun Used Car Sales,Porsche,Boxter,Auto,Black,26,SUV,Scottsdale,Double Overhead Camshaft
1328,3/20/2023,Fatima,Female,135,Tri-State Mack Inc,Honda,CR-V,Auto,Pale White,12,SUV,Austin,Double Overhead Camshaft
1329,3/21/2023,Fatou,Male,91,U-Haul CO,Toyota,Corolla,Manual,Pale White,22,Passenger,Janesville,Overhead Camshaft
1330,3/22/2023,Fatoumata,Male,1859,Progressive Shippers Cooperative Association No,Nissan,Pathfinder,Auto,Pale White,219,Hatchback,Austin,Double Overhead Camshaft
1331,3/23/2023,Gabriella,Male,135,Rabun Used Car Sales,Volkswagen,Beetle,Auto,Pale White,45,Hatchback,Austin,Double Overhead Camshaft
1332,3/24/2023,Gabrielle,Male,12,Race Car Help,Plymouth,Prowler,Manual,Pale White,71,Hatchback,Middletown,Overhead Camshaft
1333,3/25/2023,Genesis,Male,135,Ryder Truck Rental and Leasing,Saturn,LW,Manual,Pale White,13,Hatchback,Greenville,Overhead Camshaft
1334,3/26/2023,Camille,Male,166,Gartner Buick Hyundai Saab,Mercury,Villager,Manual,Pale White,14,Passenger,Pasco,Overhead Camshaft
1335,3/27/2023,Lou,Male,135,Hatfield Volkswagen,Chevrolet,Metro,Manual,Pale White,13,Passenger,Janesville,Overhead Camshaft
1336,3/28/2023,Sarah,Female,135,Iceberg Rentals,Saab,4554,Manual,Pale White,28,Hatchback,Scottsdale,Overhead Camshaft
1337,3/29/2023,Arthur,Male,95,McKinney Dodge Chrysler Jeep,Mercedes-B,SLK23,Manual,Pale White,14,Hatchback,Austin,Overhead Camshaft
1338,3/30/2023,Jeanne,Male,135,Motor Vehicle Branch Office,Nissan,Xterra,Manual,Pale White,31,Passenger,Middletown,Overhead Camshaft
1339,3/31/2023,Marion,Male,1152,Nebo Chevrolet,Ford,Crown Victoria,Auto,Pale White,292,Passenger,Scottsdale,Double Overhead Camshaft
1340,4/1/2023,Ayaan,Male,55,Progressive Shippers Cooperative Association No,Chevrolet,Lumina,Manual,Black,42,Passenger,Janesville,Overhead Camshaft
1341,4/2/2023,Helia,Female,135,Saab-Belle Dodge,Ford,Ranger,Manual,Black,18,Hardtop,Middletown,Overhead Camshaft
1342,4/3/2023,Benjamin,Male,936,Race Car Help,Audi,A6,Manual,Pale White,13,SUV,Aurora,Overhead Camshaft
1343,4/4/2023,Benson,Female,58,Ryder Truck Rental and Leasing,Cadillac,Eldorado,Manual,Black,85,Passenger,Greenville,Overhead Camshaft
1344,4/5/2023,Brandon,Male,19,Saab-Belle Dodge,Pontiac,Sunfire,Manual,Pale White,43,Sedan,Pasco,Overhead Camshaft
1345,4/6/2023,Brian,Male,165,Scrivener Performance Engineering,Buick,Regal,Manual,Pale White,435,Passenger,Pasco,Overhead Camshaft
1346,4/7/2023,Katie,Male,135,Chrysler of Tri-Cities,Toyota,Tacoma,Manual,Black,36,SUV,Janesville,Overhead Camshaft
1347,4/8/2023,Kayla,Male,63,Chrysler Plymouth,Infiniti,I3,Manual,Pale White,16,SUV,Scottsdale,Overhead Camshaft
1348,4/9/2023,Kaylee,Male,7,Classic Chevy,Ford,Windstar,Auto,Pale White,31,Sedan,Austin,Double Overhead Camshaft
1349,4/10/2023,Kayleen,Male,6,Clay Johnson Auto Sales,Dodge,Avenger,Auto,Black,16,Passenger,Middletown,Double Overhead Camshaft
1350,4/11/2023,Kayleigh,Male,5,Diehl Motor CO Inc,Saturn,LS,Manual,Pale White,14,Sedan,Aurora,Overhead Camshaft
1351,4/12/2023,Kaylie,Female,42,Enterprise Rent A Car,Dodge,Durango,Auto,Black,24,SUV,Greenville,Double Overhead Camshaft
1352,4/13/2023,Kaylin,Female,5,Gartner Buick Hyundai Saab,Dodge,Ram Pickup,Auto,Pale White,39,SUV,Pasco,Double Overhead Camshaft
1353,4/14/2023,Keily,Female,135,Hatfield Volkswagen,Acura,TL,Manual,Pale White,145,Hatchback,Janesville,Overhead Camshaft
1354,4/15/2023,Kelly,Female,96,Iceberg Rentals,Volvo,S7,Auto,Pale White,2,SUV,Scottsdale,Double Overhead Camshaft
1355,4/16/2023,Alexandra,Male,2345,Tri-State Mack Inc,Nissan,Pathfinder,Manual,Pale White,165,Hardtop,Middletown,Overhead Camshaft
1356,4/17/2023,Mason,Male,512,Ryder Truck Rental and Leasing,Volkswagen,Passat,Auto,Pale White,31,Hatchback,Aurora,Double Overhead Camshaft
1357,4/18/2023,Mateo,Male,82,Saab-Belle Dodge,BMW,528i,Manual,Black,21,SUV,Greenville,Overhead Camshaft
1358,4/19/2023,Matteo,Male,15,Scrivener Performance Engineering,Mitsubishi,Diamante,Auto,Pale White,21,Hatchback,Pasco,Double Overhead Camshaft
1359,4/20/2023,Matthew,Male,1326,Star Enterprises Inc,Toyota,RAV4,Manual,Black,856,Hatchback,Aurora,Overhead Camshaft
1360,4/21/2023,Lily,Female,18,Progressive Shippers Cooperative Association No,Dodge,Caravan,Auto,Black,23,Hardtop,Scottsdale,Double Overhead Camshaft
1361,4/22/2023,Maxim,Male,73,Tri-State Mack Inc,BMW,323i,Manual,Pale White,21,Hatchback,Austin,Overhead Camshaft
1362,4/23/2023,Maximilian,Male,88,U-Haul CO,Mitsubishi,3GT,Manual,Pale White,24,Sedan,Janesville,Overhead Camshaft
1363,4/24/2023,Maximus,Male,925,Progressive Shippers Cooperative Association No,Dodge,Ram Wagon,Auto,Black,22,Passenger,Aurora,Double Overhead Camshaft
1364,4/25/2023,Gianna,Male,48,Saab-Belle Dodge,Volkswagen,GTI,Manual,Black,25,SUV,Greenville,Overhead Camshaft
1365,4/26/2023,Grace,Female,1835,Scrivener Performance Engineering,Plymouth,Neon,Manual,Pale White,225,SUV,Pasco,Overhead Camshaft
1366,4/27/2023,Hailey,Male,135,Star Enterprises Inc,Jeep,Wrangler,Auto,Pale White,19,Hatchback,Janesville,Double Overhead Camshaft
1367,4/28/2023,Hannah,Female,135,Suburban Ford,Plymouth,Neon,Auto,Pale White,27,SUV,Scottsdale,Double Overhead Camshaft
1368,4/29/2023,Harmony,Male,135,Tri-State Mack Inc,Lexus,LS4,Auto,Pale White,18,Sedan,Austin,Double Overhead Camshaft
1369,4/30/2023,Hawa,Female,135,U-Haul CO,Plymouth,Voyager,Manual,Black,75,Passenger,Middletown,Overhead Camshaft
1370,5/1/2023,Heaven,Male,1635,Buddy Storbeck's Diesel Service Inc,Plymouth,Prowler,Manual,Pale White,715,Hatchback,Aurora,Overhead Camshaft
1371,5/2/2023,Hope,Male,175,C & M Motors Inc,Saturn,SC,Manual,Pale White,615,Hatchback,Greenville,Overhead Camshaft
1372,5/3/2023,Imani,Male,15,Capitol KIA,Mitsubishi,Diamante,Auto,Pale White,215,Hatchback,Aurora,Double Overhead Camshaft
1373,5/4/2023,Gabrielle,Male,92,New Castle Ford Lincoln Mercury,Lexus,LS4,Manual,Pale White,25,Sedan,Greenville,Overhead Camshaft
1374,5/5/2023,Marc,Female,84,Pars Auto Sales,Mercedes-B,CL5,Manual,Pale White,29,SUV,Pasco,Overhead Camshaft
1375,5/6/2023,Baptiste,Male,728,Pitre Buick-Pontiac-Gmc of Scottsdale,Lexus,GS4,Auto,Black,12,Hatchback,Greenville,Double Overhead Camshaft
1376,5/7/2023,Aidan,Male,98,Scrivener Performance Engineering,Dodge,Caravan,Auto,Black,23,Hardtop,Scottsdale,Double Overhead Camshaft
1377,5/8/2023,Valentin,Male,19,Rabun Used Car Sales,Mitsubishi,Diamante,Manual,Pale White,19,Hatchback,Austin,Overhead Camshaft
1378,5/9/2023,Ophelie,Male,1325,Race Car Help,Pontiac,Bonneville,Auto,Pale White,195,Hatchback,Middletown,Double Overhead Camshaft
1379,5/10/2023,Corentin,Male,12,Ryder Truck Rental and Leasing,Mitsubishi,Diamante,Auto,Pale White,21,Hatchback,Aurora,Double Overhead Camshaft
1380,5/11/2023,Alexandre,Male,135,Saab-Belle Dodge,Nissan,Frontier,Manual,Pale White,2,Hatchback,Austin,Overhead Camshaft
1381,5/12/2023,Alan,Male,61,Tri-State Mack Inc,Mitsubishi,Montero Sport,Manual,Pale White,291,Hardtop,Janesville,Overhead Camshaft
1382,5/13/2023,Bryan,Male,1415,Star Enterprises Inc,Audi,A6,Manual,Black,255,SUV,Scottsdale,Overhead Camshaft
1383,5/14/2023,Faustine,Male,685,Scrivener Performance Engineering,Dodge,Caravan,Auto,Pale White,19,Hardtop,Austin,Double Overhead Camshaft
1384,5/15/2023,Calvin,Female,637,Tri-State Mack Inc,Acura,RL,Auto,Black,24,SUV,Aurora,Double Overhead Camshaft
1385,5/16/2023,Valentin,Female,57,Tri-State Mack Inc,Dodge,Ram Pickup,Manual,Pale White,2,Hardtop,Aurora,Overhead Camshaft
1386,5/17/2023,Charles,Male,926,Progressive Shippers Cooperative Association No,Buick,Regal,Auto,Black,19,Passenger,Greenville,Double Overhead Camshaft
1387,5/18/2023,Christian,Male,61,Rabun Used Car Sales,Oldsmobile,Intrigue,Manual,Pale White,37,SUV,Pasco,Overhead Camshaft
1388,5/19/2023,Christopher,Female,7,Race Car Help,Mercedes-B,SLK,Manual,Pale White,17,Passenger,Janesville,Overhead Camshaft
1389,5/20/2023,Cody,Male,1525,Ryder Truck Rental and Leasing,Buick,Park Avenue,Manual,Black,295,Hatchback,Scottsdale,Overhead Camshaft
1390,5/21/2023,Connor,Male,19,Saab-Belle Dodge,Lexus,LS4,Auto,Pale White,46,Sedan,Scottsdale,Double Overhead Camshaft
1391,5/22/2023,Keyla,Female,96,McKinney Dodge Chrysler Jeep,Acura,Integra,Auto,Black,45,Passenger,Austin,Double Overhead Camshaft
1392,5/23/2023,Khloe,Male,72,Motor Vehicle Branch Office,Ford,Mustang,Manual,Pale White,25,Hatchback,Janesville,Overhead Camshaft
1393,5/24/2023,Alina,Male,135,Suburban Ford,Ford,Ranger,Manual,Black,25,Hardtop,Austin,Overhead Camshaft
1394,5/25/2023,Mayer,Male,715,Race Car Help,Chevrolet,Cavalier,Manual,Pale White,14,SUV,Pasco,Overhead Camshaft
1395,5/26/2023,Isabella,Male,852,Chrysler of Tri-Cities,Mercedes-B,SLK,Auto,Pale White,19,Passenger,Janesville,Double Overhead Camshaft
1396,5/27/2023,Isabelle,Male,69,Chrysler Plymouth,Chevrolet,Lumina,Manual,Pale White,12,Passenger,Pasco,Overhead Camshaft
1397,5/28/2023,Quentin,Male,13,Star Enterprises Inc,Acura,RL,Manual,Pale White,17,SUV,Janesville,Overhead Camshaft
1398,5/29/2023,Manon,Male,32,Suburban Ford,Chrysler,LHS,Auto,Black,26,Hatchback,Austin,Double Overhead Camshaft
1399,5/30/2023,Daniel,Male,135,Scrivener Performance Engineering,Toyota,Sienna,Manual,Black,27,Passenger,Middletown,Overhead Camshaft
1400,5/31/2023,Danny,Male,135,Star Enterprises Inc,Jeep,Wrangler,Auto,Pale White,19,Hatchback,Middletown,Double Overhead Camshaft
1401,6/1/2023,Kiara,Male,785,Nebo Chevrolet,Mitsubishi,Montero Sport,Manual,Pale White,29,SUV,Aurora,Overhead Camshaft
1402,6/2/2023,Kimberly,Male,725,New Castle Ford Lincoln Mercury,Mercedes-B,C-Class,Auto,Black,14,Hatchback,Greenville,Double Overhead Camshaft
1403,6/3/2023,Krystal,Male,45,Pars Auto Sales,Cadillac,Eldorado,Auto,Black,6,Passenger,Pasco,Double Overhead Camshaft
1404,6/4/2023,Kylee,Male,515,Pitre Buick-Pontiac-Gmc of Scottsdale,Porsche,Boxter,Manual,Pale White,14,SUV,Middletown,Overhead Camshaft
1405,6/5/2023,Meilech,Male,845,Ryder Truck Rental and Leasing,Dodge,Avenger,Auto,Pale White,225,Passenger,Aurora,Double Overhead Camshaft
1406,6/6/2023,Meir,Male,81,Saab-Belle Dodge,Mitsubishi,Diamante,Manual,Black,22,Hatchback,Greenville,Overhead Camshaft
1407,6/7/2023,Menachem,Male,16,Scrivener Performance Engineering,Volvo,C7,Manual,Pale White,24,Hatchback,Pasco,Overhead Camshaft
1408,6/8/2023,Menashe,Male,1325,Star Enterprises Inc,Honda,Accord,Manual,Black,435,Sedan,Scottsdale,Overhead Camshaft
1409,6/9/2023,Jada,Male,135,Classic Chevy,Toyota,Camry,Manual,Black,29,Hatchback,Austin,Overhead Camshaft
1410,6/10/2023,Jade,Male,135,Clay Johnson Auto Sales,Pontiac,Grand Prix,Auto,Pale White,42,Passenger,Middletown,Double Overhead Camshaft
1411,6/11/2023,Janelle,Male,212,Diehl Motor CO Inc,Jeep,Grand Cherokee,Manual,Black,19,SUV,Aurora,Overhead Camshaft
1412,6/12/2023,Jasmine,Male,45,Enterprise Rent A Car,Toyota,Celica,Manual,Pale White,14,SUV,Scottsdale,Overhead Camshaft
1413,6/13/2023,Anna,Female,145,Tri-State Mack Inc,Lincoln,Continental,Manual,Black,18,Passenger,Austin,Overhead Camshaft
1414,6/14/2023,Clemet,Male,55,U-Haul CO,Nissan,Xterra,Auto,Black,9,Passenger,Janesville,Double Overhead Camshaft
1415,6/15/2023,Alex,Male,38,Progressive Shippers Cooperative Association No,Mercedes-B,SL-Class,Manual,Pale White,26,Hardtop,Scottsdale,Overhead Camshaft
1416,6/16/2023,Jules,Male,283,Rabun Used Car Sales,Ford,F-Series,Manual,Pale White,13,Passenger,Aurora,Overhead Camshaft
1417,6/17/2023,Darren,Male,135,Suburban Ford,Porsche,Boxter,Manual,Pale White,24,SUV,Greenville,Overhead Camshaft
1418,6/18/2023,David,Male,454,Tri-State Mack Inc,Mercedes-B,SLK,Auto,Pale White,46,Passenger,Pasco,Double Overhead Camshaft
1419,6/19/2023,Derek,Male,562,U-Haul CO,Mercury,Sable,Auto,Pale White,39,Sedan,Janesville,Double Overhead Camshaft
1420,6/20/2023,Devin,Male,1,Buddy Storbeck's Diesel Service Inc,Acura,TL,Auto,Pale White,24,Hatchback,Janesville,Double Overhead Camshaft
1421,6/21/2023,Kylie,Female,68,Progressive Shippers Cooperative Association No,Pontiac,Grand Prix,Auto,Pale White,19,Passenger,Scottsdale,Double Overhead Camshaft
1422,6/22/2023,Laila,Male,53,Rabun Used Car Sales,Mercury,Villager,Auto,Black,281,Passenger,Austin,Double Overhead Camshaft
1423,6/23/2023,Laura,Male,895,Race Car Help,Oldsmobile,Silhouette,Auto,Black,61,Sedan,Middletown,Double Overhead Camshaft
1424,6/24/2023,Lauren,Female,6,Ryder Truck Rental and Leasing,Mercury,Cougar,Manual,Pale White,221,Hatchback,Aurora,Overhead Camshaft
1425,6/25/2023,Layla,Male,85,Saab-Belle Dodge,BMW,323i,Auto,Pale White,221,Hatchback,Janesville,Double Overhead Camshaft
1426,6/26/2023,Mendel,Male,315,Suburban Ford,Plymouth,Neon,Manual,Pale White,22,SUV,Scottsdale,Overhead Camshaft
1427,6/27/2023,Mendy,Male,1285,Tri-State Mack Inc,Mitsubishi,Diamante,Auto,Pale White,215,Hatchback,Austin,Double Overhead Camshaft
1428,6/28/2023,Micah,Male,685,U-Haul CO,Toyota,4Runner,Manual,Black,25,Sedan,Middletown,Overhead Camshaft
1429,6/29/2023,Michael,Male,878,Buddy Storbeck's Diesel Service Inc,Mercedes-B,S-Class,Manual,Black,85,SUV,Aurora,Overhead Camshaft
1430,6/30/2023,Miles,Male,957,C & M Motors Inc,Mitsubishi,3GT,Manual,Pale White,21,Sedan,Greenville,Overhead Camshaft
1431,7/1/2023,Jayda,Male,21,Gartner Buick Hyundai Saab,Acura,RL,Auto,Black,24,SUV,Pasco,Double Overhead Camshaft
1432,7/2/2023,Jayla,Male,135,Hatfield Volkswagen,Audi,A8,Manual,Black,44,Passenger,Janesville,Overhead Camshaft
1433,7/3/2023,Jordan,Male,1435,Iceberg Rentals,Cadillac,Eldorado,Manual,Pale White,315,Passenger,Scottsdale,Overhead Camshaft
1434,7/4/2023,Jordyn,Male,12,McKinney Dodge Chrysler Jeep,Mercedes-B,SLK,Auto,Pale White,46,Passenger,Austin,Double Overhead Camshaft
1435,7/5/2023,Journee,Male,141,Motor Vehicle Branch Office,Ford,F-Series,Manual,Black,221,Passenger,Austin,Overhead Camshaft
1436,7/6/2023,Manon,Male,226,Race Car Help,Jeep,Grand Cherokee,Manual,Pale White,21,SUV,Middletown,Overhead Camshaft
1437,7/7/2023,Luca,Male,135,Ryder Truck Rental and Leasing,Honda,Accord,Manual,Pale White,14,Sedan,Aurora,Overhead Camshaft
1438,7/8/2023,Florian,Female,135,Saab-Belle Dodge,BMW,328i,Auto,Black,18,Sedan,Greenville,Double Overhead Camshaft
1439,7/9/2023,Chloe,Male,26,Scrivener Performance Engineering,Volkswagen,Cabrio,Auto,Black,16,Sedan,Pasco,Double Overhead Camshaft
1440,7/10/2023,Godard,Male,165,Star Enterprises Inc,Pontiac,Sunfire,Auto,Black,18,Sedan,Scottsdale,Double Overhead Camshaft
1441,7/11/2023,Dylan,Female,985,C & M Motors Inc,Volvo,C7,Manual,Black,36,Hatchback,Austin,Overhead Camshaft
1442,7/12/2023,Eason,Male,82,Capitol KIA,Mercedes-B,S-Class,Auto,Pale White,1,SUV,Pasco,Double Overhead Camshaft
1443,7/13/2023,Loreley,Female,591,Buddy Storbeck's Diesel Service Inc,Mitsubishi,Montero Sport,Auto,Black,45,Hardtop,Aurora,Double Overhead Camshaft
1444,7/14/2023,Edwin,Male,8,Chrysler Plymouth,Oldsmobile,Intrigue,Auto,Pale White,45,SUV,Greenville,Double Overhead Camshaft
1445,7/15/2023,Elijah,Male,151,Classic Chevy,Dodge,Dakota,Auto,Pale White,211,Sedan,Greenville,Double Overhead Camshaft
1446,7/16/2023,Lea,Female,76,Scrivener Performance Engineering,Acura,TL,Auto,Black,281,Hatchback,Greenville,Double Overhead Camshaft
1447,7/17/2023,Milo,Female,12,Capitol KIA,Volkswagen,GTI,Auto,Pale White,25,SUV,Middletown,Double Overhead Camshaft
1448,7/18/2023,Journey,Male,565,Nebo Chevrolet,Chrysler,3M,Auto,Black,26,SUV,Janesville,Double Overhead Camshaft
1449,7/19/2023,Luca,Male,135,Suburban Ford,Oldsmobile,Silhouette,Manual,Pale White,15,Sedan,Greenville,Overhead Camshaft
1450,7/20/2023,Theo,Male,135,Gartner Buick Hyundai Saab,Infiniti,I3,Auto,Black,21,Hardtop,Pasco,Double Overhead Camshaft
1451,7/21/2023,Leah,Male,752,Star Enterprises Inc,Lexus,GS4,Auto,Pale White,311,Hatchback,Janesville,Double Overhead Camshaft
1452,7/22/2023,Leila,Female,58,Suburban Ford,Jeep,Grand Cherokee,Manual,Pale White,211,SUV,Scottsdale,Overhead Camshaft
1453,7/23/2023,Leilani,Female,725,Tri-State Mack Inc,Mercedes-B,CL5,Manual,Black,221,SUV,Austin,Overhead Camshaft
1454,7/24/2023,Lesley,Female,758,U-Haul CO,Volkswagen,Jetta,Auto,Pale White,38,Passenger,Janesville,Double Overhead Camshaft
1455,7/25/2023,Leslie,Male,44,Progressive Shippers Cooperative Association No,Chrysler,3M,Auto,Black,26,SUV,Scottsdale,Double Overhead Camshaft
1456,7/26/2023,Lesly,Female,97,Rabun Used Car Sales,Mercury,Mystique,Auto,Pale White,29,Passenger,Austin,Double Overhead Camshaft
1457,7/27/2023,Leyla,Male,755,Race Car Help,Lexus,GS4,Auto,Pale White,31,Hatchback,Pasco,Double Overhead Camshaft
1458,7/28/2023,Mohamed,Female,135,Chrysler of Tri-Cities,Nissan,Altima,Auto,Pale White,21,Hatchback,Janesville,Double Overhead Camshaft
1459,7/29/2023,Mohammed,Female,862,Chrysler Plymouth,Ford,Contour,Auto,Pale White,62,Sedan,Scottsdale,Double Overhead Camshaft
1460,7/30/2023,Moishe,Male,1236,Classic Chevy,Mitsubishi,Galant,Auto,Pale White,366,Passenger,Austin,Double Overhead Camshaft
1461,7/31/2023,Mordechai,Male,135,Clay Johnson Auto Sales,Ford,Crown Victoria,Manual,Pale White,2,Passenger,Middletown,Overhead Camshaft
1462,8/1/2023,Morris,Male,175,Diehl Motor CO Inc,Nissan,Frontier,Manual,Black,53,Hatchback,Middletown,Overhead Camshaft
1463,8/2/2023,Allison,Male,15,Buddy Storbeck's Diesel Service Inc,Mitsubishi,Eclipse,Auto,Black,275,Hardtop,Greenville,Double Overhead Camshaft
1464,8/3/2023,Moshe,Male,21,Gartner Buick Hyundai Saab,Acura,RL,Manual,Pale White,31,SUV,Aurora,Overhead Camshaft
1465,8/4/2023,Joy,Male,225,New Castle Ford Lincoln Mercury,Plymouth,Neon,Auto,Pale White,27,SUV,Greenville,Double Overhead Camshaft
1466,8/5/2023,Kadiatou,Male,9,Pars Auto Sales,Chevrolet,Monte Carlo,Manual,Black,44,Hatchback,Pasco,Overhead Camshaft
1467,8/6/2023,Kaitlyn,Female,8,Pitre Buick-Pontiac-Gmc of Scottsdale,Lincoln,Navigator,Auto,Black,19,Sedan,Janesville,Double Overhead Camshaft
1468,8/7/2023,Kali,Female,1135,Progressive Shippers Cooperative Association No,Mitsubishi,Montero Sport,Auto,Pale White,535,Hatchback,Scottsdale,Double Overhead Camshaft
1469,8/8/2023,Kayla,Male,149,Rabun Used Car Sales,Oldsmobile,Intrigue,Auto,Pale White,45,SUV,Austin,Double Overhead Camshaft
1470,8/9/2023,Kaylee,Male,135,Race Car Help,Pontiac,Bonneville,Auto,Pale White,2,Hatchback,Middletown,Double Overhead Camshaft
1471,8/10/2023,Kelsey,Male,123,Ryder Truck Rental and Leasing,Ford,Windstar,Auto,Pale White,19,Sedan,Scottsdale,Double Overhead Camshaft
1472,8/11/2023,Jeremy,Male,165,Tri-State Mack Inc,Volkswagen,GTI,Auto,Pale White,25,SUV,Austin,Double Overhead Camshaft
1473,8/12/2023,Vanessa,Male,135,U-Haul CO,Plymouth,Prowler,Manual,Pale White,16,Hatchback,Aurora,Overhead Camshaft
1474,8/13/2023,Baruch,Male,685,New Castle Ford Lincoln Mercury,Chrysler,Concorde,Auto,Pale White,42,Hardtop,Aurora,Double Overhead Camshaft
1475,8/14/2023,Sohane,Male,561,C & M Motors Inc,Mercedes-B,SLK23,Auto,Black,33,Hatchback,Greenville,Double Overhead Camshaft
1476,8/15/2023,Pauline,Male,135,Capitol KIA,Ford,Expedition,Auto,Black,26,SUV,Pasco,Double Overhead Camshaft
1477,8/16/2023,Dilhan,Female,83,Chrysler of Tri-Cities,Dodge,Durango,Auto,Black,19,SUV,Janesville,Double Overhead Camshaft
1478,8/17/2023,Samuel,Male,424,Chrysler Plymouth,Cadillac,Eldorado,Manual,Pale White,31,Passenger,Janesville,Overhead Camshaft
1479,8/18/2023,Eric,Male,1663,Diehl Motor CO Inc,Subaru,Outback,Manual,Pale White,493,SUV,Austin,Overhead Camshaft
1480,8/19/2023,Luka,Male,1415,Race Car Help,Subaru,Forester,Manual,Pale White,175,Hardtop,Austin,Overhead Camshaft
1481,8/20/2023,Evan,Male,135,Gartner Buick Hyundai Saab,Volvo,S8,Manual,Pale White,25,Sedan,Janesville,Overhead Camshaft
1482,8/21/2023,Farhan,Male,66,Hatfield Volkswagen,Oldsmobile,Intrigue,Auto,Pale White,45,SUV,Scottsdale,Double Overhead Camshaft
1483,8/22/2023,Felix,Male,135,Iceberg Rentals,Volkswagen,GTI,Manual,Black,25,SUV,Austin,Overhead Camshaft
1484,8/23/2023,Gabriel,Male,135,McKinney Dodge Chrysler Jeep,Chevrolet,Monte Carlo,Manual,Pale White,17,Hatchback,Middletown,Overhead Camshaft
1485,8/24/2023,Gavin,Female,6635,Motor Vehicle Branch Office,Mercedes-B,S-Class,Manual,Pale White,215,SUV,Middletown,Overhead Camshaft
1486,8/25/2023,Lia,Female,985,Ryder Truck Rental and Leasing,Ford,Expedition,Auto,Black,261,SUV,Aurora,Double Overhead Camshaft
1487,8/26/2023,Liana,Male,7,Saab-Belle Dodge,Subaru,Forester,Auto,Black,221,SUV,Greenville,Double Overhead Camshaft
1488,8/27/2023,Liliana,Female,595,Scrivener Performance Engineering,Saab,45538,Auto,Black,2351,Sedan,Pasco,Double Overhead Camshaft
1489,8/28/2023,Lily,Male,83,Star Enterprises Inc,Saturn,SC,Manual,Pale White,61,SUV,Janesville,Overhead Camshaft
1490,8/29/2023,Lindsay,Male,4625,Suburban Ford,Saturn,LW,Manual,Pale White,135,Hatchback,Scottsdale,Overhead Camshaft
1491,8/30/2023,Lizbeth,Male,67,Tri-State Mack Inc,Dodge,Durango,Auto,Black,24,SUV,Austin,Double Overhead Camshaft
1492,8/31/2023,London,Male,675,U-Haul CO,Mitsubishi,3GT,Manual,Pale White,24,Sedan,Middletown,Overhead Camshaft
1493,9/1/2023,Lucia,Male,142,Buddy Storbeck's Diesel Service Inc,Chevrolet,Monte Carlo,Auto,Pale White,212,Hatchback,Greenville,Double Overhead Camshaft
1494,9/2/2023,Gabriella,Male,156,Chrysler of Tri-Cities,Mercury,Mountaineer,Auto,Pale White,21,Hardtop,Austin,Double Overhead Camshaft
1495,9/3/2023,Georgia,Male,83,Diehl Motor CO Inc,Saturn,SC,Auto,Black,33,Hardtop,Scottsdale,Double Overhead Camshaft
1496,9/4/2023,Nathan,Female,148,McKinney Dodge Chrysler Jeep,Mercedes-B,S-Class,Manual,Pale White,21,SUV,Austin,Overhead Camshaft
1497,9/5/2023,Nathaniel,Male,1682,Motor Vehicle Branch Office,BMW,323i,Auto,Black,92,Hatchback,Middletown,Double Overhead Camshaft
1498,9/6/2023,Nicholas,Male,135,Nebo Chevrolet,Mercury,Grand Marquis,Manual,Pale White,16,SUV,Aurora,Overhead Camshaft
1499,9/7/2023,Nico,Male,135,New Castle Ford Lincoln Mercury,BMW,528i,Manual,Pale White,29,SUV,Greenville,Overhead Camshaft
